[{"endpoint":"https://fcm.googleapis.com/fcm/send/fJXSd9dTJV0:APA91bHvwgmQDChfvFGhpxhdnoNdK5JLB-bkhJpVyaDW_kz2BTa6FNroc6-bpcVZukI-YTSuwbhipaafgw-KOC-Ztig32FrHPQxLs3j27wI7OsmcYNCsesGHMIY6EGV1kg_e8CBAoBOX","expirationTime":null,"keys":{"p256dh":"BGgFGHEE488L21hsRWXUEct6WLR4YLUfMlHgbayUd0JcCtLXbTlhm_8t2szOXCqF5gpJQ_GGGDgZbsSfl4g57DM","auth":"L565UZjnZ1kwgd3sJGQwww"}},{"endpoint":"https://fcm.googleapis.com/fcm/send/fRMy2JC9YgI:APA91bGSZ8FvHPvfPacVhZ7Y6_cbmhbeUh1JcFlBYNewkXaYm3Y5l2AX3VC0MuiWb3IM1oboPoRtjdtYu_QARNJ5ynNvejYkPqwqtwQk3tRQIDduyiXCnRVLM6c4tG2FR-PyneHAcKvh","expirationTime":null,"keys":{"p256dh":"BP63izoNCTovSdnqGvOqPj3_4wPcI7DuD-yhMrsb_Do6jcfH-WqXG12P3Qy9dnYYJsX-YB3lXi1shOhvh8czuzo","auth":"qAwn4_f3b64RdIw-CIAo8g"}}]