{
  "index": "/index.html",
  "assetGroups": [
    {
      "name": "app",
      "installMode": "prefetch",
      "resources": {
        "files": [
          "/favicon.ico",
          "/index.html",
          "/*.css",
          "/*.js",
          "/manifest.json"
        ],
        "urls": [
          "https://stackpath.bootstrapcdn.com/**",
          "https://restcountries.eu/data/**"
        ]
      }
    }, {
      "name": "assets",
      "installMode": "lazy",
      "updateMode": "prefetch",
      "resources": {
        "files": [
          "/assets/**"
        ]
      }
    }
  ],
  "dataGroups": [
    {
      "name": "pais-api",
      "urls": [
        "https://restcountries.eu/rest/v2/lang/es"
      ],
      "cacheConfig": {
        "maxSize": 20,
        "maxAge": "1h",
        "timeout": "5s",
        "strategy": "freshness"
      }
    }
  ]
}
